Search title,narwhal semitryp,,,,,,,,,,,
MS data file,\\nist-storage\group09\Users\Ben\2019-4-9 COMPARE Set 1\2019-4-9_NW1.mgf,,,,,,,,,,,
Database 1,"cRAP (107 sequences; 35,821 residues)",,,,,,,,,,,
Database 2,"RefSeq_Narwhal 1 (45,047 sequences; 30,826,872 residues)",,,,,,,,,,,
Taxonomy 1,(none),,,,,,,,,,,
Taxonomy 2,(none),,,,,,,,,,,
Timestamp,20 Aug 2019 at 19:36:47 GMT,,,,,,,,,,,
Type of search,MS/MS Ion Search,,,,,,,,,,,
Enzyme,semiTrypsin,,,,,,,,,,,
Fixed modifications,Carbamidomethyl (C),,,,,,,,,,,
Variable modifications,"Acetyl (Protein N-term),Deamidated (NQ),Gln->pyro-Glu (N-term Q),Oxidation (M)",,,,,,,,,,,
Mass values,Monoisotopic,,,,,,,,,,,
Protein mass,Unrestricted,,,,,,,,,,,
Peptide mass tolerance,10 ppm,,,,,,,,,,,
Fragment mass tolerance,10 ppm,,,,,,,,,,,
Max missed cleavages,2,,,,,,,,,,,
Instrument type,Default,,,,,,,,,,,
Number of queries,"45,002",,,,,,,,,,,
,,,,,,,,,,,,
,,,,,,,,,,,,
Significance threshold p<,0.009145,,,,,,,,,,,
Max. number of families,AUTO,,,,,,,,,,,
Ions score or expect cut-off,-1,,,,,,,,,,,
Preferred taxonomy,All entries,,,,,,,,,,,
Show Percolator scores?,no,,,,,,,,,,,
,,,,,,,,,,,,
Filters:,NOT(Database is cRAP),,,,,,,,,,,
,,,,,,,,,,,,
Family,Member,Database,Accession,Score,Mass,Num. of matches,Num. of significant matches,Num. of sequences,Num. of significant sequences,emPAI,Sequence coverage,Description
1,1,RefSeq_Narwhal,XP_029091046.1,31311,70942,1210,1210,257,257,308130362.1,0.89,serum albumin [Monodon monoceros]
2,1,RefSeq_Narwhal,XP_029069747.1,18021,80612,593,593,137,137,46648.49,0.74,serotransferrin-like [Monodon monoceros]
7,1,RefSeq_Narwhal,XP_029065336.1,4302,30372,194,194,49,49,9206.82,0.68,apolipoprotein A-I [Monodon monoceros]
12,1,RefSeq_Narwhal,XP_029069633.1,3446,16207,97,97,26,26,2374.11,0.86,LOW QUALITY PROTEIN: hemoglobin subunit beta-like [Monodon monoceros]
10,1,RefSeq_Narwhal,XP_029058726.1,3997,38729,177,177,49,49,1893.01,0.74,haptoglobin-like [Monodon monoceros]
3,1,RefSeq_Narwhal,XP_029060634.1,13178,165935,511,511,168,168,465.48,0.77,alpha-2-macroglobulin-like isoform X1 [Monodon monoceros]
39,1,RefSeq_Narwhal,XP_029086789.1,898,11550,26,26,12,12,409.76,0.49,apolipoprotein A-II [Monodon monoceros]
4,1,RefSeq_Narwhal,XP_029071635.1,12841,188157,482,482,172,172,219.53,0.75,complement C3 [Monodon monoceros]
15,1,RefSeq_Narwhal,XP_029070644.1,2749,43024,96,96,40,40,213.6,0.66,fetuin-B [Monodon monoceros]
13,1,RefSeq_Narwhal,XP_029064606.1,3226,52171,129,129,44,44,131.99,0.63,hemopexin [Monodon monoceros]
17,1,RefSeq_Narwhal,XP_029090673.1,2578,54810,89,89,44,44,87.38,0.68,vitamin D-binding protein isoform X1 [Monodon monoceros]
57,1,RefSeq_Narwhal,XP_029063525.1,588,11221,18,18,9,9,61.06,0.59,apolipoprotein C-II [Monodon monoceros]
21,1,RefSeq_Narwhal,XP_029064161.1,1917,53405,62,62,37,37,52.65,0.59,plasma protease C1 inhibitor [Monodon monoceros]
6,1,RefSeq_Narwhal,XP_029097744.1,6690,193148,257,257,134,134,45.15,0.73,complement C4-like [Monodon monoceros]
8,1,RefSeq_Narwhal,XP_029070386.1,4217,122119,149,149,74,74,40.55,0.73,ceruloplasmin isoform X2 [Monodon monoceros]
24,1,RefSeq_Narwhal,XP_029065213.1,1640,47226,56,56,31,31,35.71,0.62,alpha-1-antitrypsin-like [Monodon monoceros]
19,1,RefSeq_Narwhal,XP_029079181.1,2410,93593,93,93,56,56,28.71,0.71,plasminogen isoform X1 [Monodon monoceros]
18,1,RefSeq_Narwhal,XP_029085198.1,2520,70282,76,76,35,35,22.69,0.62,C4b-binding protein alpha chain isoform X2 [Monodon monoceros]
9,1,RefSeq_Narwhal,XP_029083177.1,4141,144150,141,141,70,70,22.5,0.63,complement factor H-like isoform X1 [Monodon monoceros]
23,1,RefSeq_Narwhal,XP_029083524.1,1778,56976,64,64,35,35,22.44,0.55,antithrombin-III isoform X1 [Monodon monoceros]
9,2,RefSeq_Narwhal,XP_029083178.1,3799,137557,129,129,64,64,20.51,0.61,complement factor H-like isoform X2 [Monodon monoceros]
14,1,RefSeq_Narwhal,XP_029097695.1,2893,101975,95,95,56,56,20.44,0.66,inter-alpha-trypsin inhibitor heavy chain H4 isoform X2 [Monodon monoceros]
52,1,RefSeq_Narwhal,XP_029065345.1,675,10733,15,15,7,7,19.2,0.38,apolipoprotein C-III [Monodon monoceros]
59,1,RefSeq_Narwhal,XP_029058935.1,559,23093,27,27,13,13,16.19,0.46,alpha-1-acid glycoprotein-like [Monodon monoceros]
40,1,RefSeq_Narwhal,XP_029062883.1,885,43172,30,30,23,23,14.37,0.62,apolipoprotein A-IV [Monodon monoceros]
3,2,RefSeq_Narwhal,XP_029060825.1,3670,166275,133,133,79,79,14.03,0.68,pregnancy zone protein-like [Monodon monoceros]
20,1,RefSeq_Narwhal,XP_029097746.1,2101,87095,66,66,41,41,13.34,0.63,complement factor B [Monodon monoceros]
71,1,RefSeq_Narwhal,XP_029057033.1,409,22937,14,14,9,9,13.21,0.62,retinol-binding protein 4 isoform X1 [Monodon monoceros]
29,1,RefSeq_Narwhal,XP_029067304.1,1105,55783,42,42,24,24,12.79,0.49,vitronectin [Monodon monoceros]
27,1,RefSeq_Narwhal,XP_029091390.1,1220,72780,52,52,37,37,11.61,0.59,afamin isoform X1 [Monodon monoceros]
35,1,RefSeq_Narwhal,XP_029069443.1,966,38899,34,34,16,16,10.33,0.54,alpha-2-HS-glycoprotein isoform X1 [Monodon monoceros]
51,1,RefSeq_Narwhal,XP_029072109.1,687,25693,22,22,10,10,9.82,0.51,glutathione peroxidase 3 [Monodon monoceros]
5,1,RefSeq_Narwhal,XP_029087893.1,10929,515810,346,346,222,222,8.99,0.54,apolipoprotein B-100 isoform X1 [Monodon monoceros]
43,1,RefSeq_Narwhal,XP_029068300.1,864,39760,29,29,17,17,8.53,0.48,beta-2-glycoprotein 1 isoform X1 [Monodon monoceros]
56,1,RefSeq_Narwhal,XP_029073997.1,603,31512,26,26,12,12,8.39,0.24,LOW QUALITY PROTEIN: immunoglobulin lambda-1 light chain-like [Monodon monoceros]
2,2,RefSeq_Narwhal,XP_029070704.1,1179,78608,48,48,34,34,8.29,0.49,inhibitor of carbonic anhydrase isoform X1 [Monodon monoceros]
60,1,RefSeq_Narwhal,XP_029082577.1,542,26166,15,15,10,10,7.6,0.5,complement C1q subcomponent subunit A [Monodon monoceros]
26,1,RefSeq_Narwhal,XP_029064419.1,1322,71850,49,49,30,30,7.24,0.58,prothrombin [Monodon monoceros]
72,1,RefSeq_Narwhal,XP_029091689.1,396,18439,11,11,7,7,6.61,0.47,immunoglobulin J chain [Monodon monoceros]
16,1,RefSeq_Narwhal,XP_029058500.1,2712,190024,98,98,79,79,6.55,0.57,complement C5 isoform X1 [Monodon monoceros]
45,1,RefSeq_Narwhal,XP_029058938.1,813,51578,34,34,18,18,6.49,0.4,clusterin [Monodon monoceros]
33,1,RefSeq_Narwhal,XP_029059228.1,977,40015,26,26,15,15,6.44,0.51,protein AMBP [Monodon monoceros]
34,1,RefSeq_Narwhal,XP_029067342.1,969,55507,28,28,22,22,6.09,0.48,alpha-2-antiplasmin isoform X2 [Monodon monoceros]
25,1,RefSeq_Narwhal,XP_029070181.1,1444,70932,46,46,23,23,5.92,0.38,kininogen-1 isoform X1 [Monodon monoceros]
61,1,RefSeq_Narwhal,XP_029075395.1,538,42052,20,20,16,16,5.73,0.6,"actin, cytoplasmic 1 [Monodon monoceros]"
36,1,RefSeq_Narwhal,XP_029100754.1,934,54571,27,27,20,20,5.15,0.57,angiotensinogen isoform X1 [Monodon monoceros]
47,1,RefSeq_Narwhal,XP_029072458.1,801,63083,28,28,20,20,5.05,0.49,complement component C9 [Monodon monoceros]
46,1,RefSeq_Narwhal,XP_029085146.1,802,68393,33,33,20,20,5.04,0.46,complement component C8 beta chain [Monodon monoceros]
54,1,RefSeq_Narwhal,XP_029096556.1,623,47542,23,23,16,16,4.98,0.4,thyroxine-binding globulin [Monodon monoceros]
11,1,RefSeq_Narwhal,XP_029080674.1,3689,256377,116,116,82,82,4.7,0.55,fibronectin isoform X5 [Monodon monoceros]
28,1,RefSeq_Narwhal,XP_029057789.1,1172,85034,37,37,25,25,4.62,0.54,gelsolin isoform X1 [Monodon monoceros]
73,1,RefSeq_Narwhal,XP_029083007.1,381,38971,16,16,12,12,4.44,0.46,CD5 antigen-like [Monodon monoceros]
84,1,RefSeq_Narwhal,XP_029097493.1,249,22557,9,9,7,7,4.28,0.41,tetranectin [Monodon monoceros]
22,1,RefSeq_Narwhal,XP_029098786.1,1870,101542,50,50,32,32,4.12,0.48,inter-alpha-trypsin inhibitor heavy chain H1 isoform X1 [Monodon monoceros]
88,1,RefSeq_Narwhal,XP_029061405.1,224,17191,7,7,6,6,4.1,0.49,myoglobin [Monodon monoceros]
30,1,RefSeq_Narwhal,XP_029071249.1,1101,76877,33,33,25,25,3.95,0.4,vitamin K-dependent protein S [Monodon monoceros]
49,1,RefSeq_Narwhal,XP_029097747.1,783,84284,31,31,25,25,3.82,0.45,complement C2 [Monodon monoceros]
58,1,RefSeq_Narwhal,XP_029066215.1,560,36136,22,22,10,10,3.77,0.47,apolipoprotein E [Monodon monoceros]
42,1,RefSeq_Narwhal,XP_029091731.1,868,66751,29,29,19,19,3.76,0.35,fibrinogen alpha chain-like isoform X1 [Monodon monoceros]
62,1,RefSeq_Narwhal,XP_029073400.1,514,60584,25,25,20,20,3.76,0.42,heparin cofactor 2 isoform X1 [Monodon monoceros]
44,1,RefSeq_Narwhal,XP_029084499.1,825,63662,24,24,14,14,3.75,0.48,complement component C8 alpha chain isoform X2 [Monodon monoceros]
126,1,RefSeq_Narwhal,XP_029067045.1,124,15251,5,5,5,5,3.63,0.57,profilin-1 [Monodon monoceros]
145,1,RefSeq_Narwhal,XP_029099148.1,97,15316,5,5,5,5,3.58,0.38,"cathelicidin-5-like, partial [Monodon monoceros]"
32,1,RefSeq_Narwhal,XP_029067726.1,1029,62582,29,29,20,20,3.53,0.45,soluble calcium-activated nucleotidase 1 isoform X1 [Monodon monoceros]
91,1,RefSeq_Narwhal,XP_029066311.1,209,22149,8,8,6,6,3.39,0.45,flavin reductase (NADPH) [Monodon monoceros]
31,1,RefSeq_Narwhal,XP_029072270.1,1056,96556,33,33,28,28,3.36,0.46,complement component C7 isoform X1 [Monodon monoceros]
64,1,RefSeq_Narwhal,XP_029090732.1,504,68102,22,22,20,20,3.01,0.47,complement factor I [Monodon monoceros]
50,1,RefSeq_Narwhal,XP_029061531.1,762,78640,26,26,22,22,3,0.52,complement C1s subcomponent [Monodon monoceros]
48,1,RefSeq_Narwhal,XP_029061483.1,801,83035,27,27,21,21,2.93,0.42,complement C1r subcomponent isoform X1 [Monodon monoceros]
66,1,RefSeq_Narwhal,XP_029066312.1,450,49315,17,17,14,14,2.83,0.42,carboxypeptidase B2 [Monodon monoceros]
41,1,RefSeq_Narwhal,XP_029072214.1,883,108741,32,32,28,28,2.69,0.37,complement component C6 isoform X1 [Monodon monoceros]
68,1,RefSeq_Narwhal,XP_029085018.1,424,62563,19,19,13,13,2.61,0.38,extracellular matrix protein 1 isoform X1 [Monodon monoceros]
98,2,RefSeq_Narwhal,XP_029085499.1,137,22373,6,6,6,6,2.51,0.3,peroxiredoxin-1 [Monodon monoceros]
83,1,RefSeq_Narwhal,XP_029091883.1,269,26793,9,9,7,7,2.42,0.41,extracellular superoxide dismutase [Cu-Zn] [Monodon monoceros]
141,1,RefSeq_Narwhal,XP_029071450.1,102,15290,4,4,4,4,2.38,0.36,"cathelicidin-6-like, partial [Monodon monoceros]"
163,1,RefSeq_Narwhal,XP_029086491.1,78,15590,4,4,4,4,2.32,0.21,LOW QUALITY PROTEIN: protein S100-A12 [Monodon monoceros]
69,1,RefSeq_Narwhal,XP_029075009.1,421,39438,14,14,10,10,2.31,0.31,leucine-rich alpha-2-glycoprotein [Monodon monoceros]
38,1,RefSeq_Narwhal,XP_029098462.1,899,93006,28,28,23,23,2.23,0.43,phosphatidylinositol-glycan-specific phospholipase D isoform X1 [Monodon monoceros]
63,1,RefSeq_Narwhal,XP_029091729.1,506,56750,14,14,13,13,2.21,0.32,fibrinogen beta chain isoform X2 [Monodon monoceros]
10,2,RefSeq_Narwhal,XP_029097099.1,253,53257,13,13,12,12,2.17,0.4,coagulation factor IX [Monodon monoceros]
55,1,RefSeq_Narwhal,XP_029082867.1,607,59231,22,22,12,12,2.05,0.32,complement C1q subcomponent subunit B [Monodon monoceros]
97,1,RefSeq_Narwhal,XP_029060424.1,194,21040,5,5,5,5,2.04,0.4,ras-related protein Rap-1b [Monodon monoceros]
14,2,RefSeq_Narwhal,XP_029095127.1,825,106789,31,31,23,23,2.03,0.38,inter-alpha-trypsin inhibitor heavy chain H2 isoform X1 [Monodon monoceros]
105,1,RefSeq_Narwhal,XP_029086416.1,174,29737,10,10,5,5,2.03,0.35,C4b-binding protein beta chain isoform X1 [Monodon monoceros]
89,1,RefSeq_Narwhal,XP_029061370.1,224,38974,9,9,9,9,1.97,0.36,lumican [Monodon monoceros]
80,1,RefSeq_Narwhal,XP_029058715.1,306,35557,10,10,8,8,1.89,0.25,complement component C8 gamma chain isoform X1 [Monodon monoceros]
77,1,RefSeq_Narwhal,XP_029074509.1,354,40237,9,9,9,9,1.88,0.47,monocyte differentiation antigen CD14 [Monodon monoceros]
137,1,RefSeq_Narwhal,XP_029089806.1,108,18086,4,4,4,4,1.81,0.3,peptidyl-prolyl cis-trans isomerase A isoform X1 [Monodon monoceros]
112,1,RefSeq_Narwhal,XP_029064746.1,159,18822,4,4,4,4,1.7,0.29,cofilin-1 [Monodon monoceros]
74,1,RefSeq_Narwhal,XP_029095799.1,380,53374,13,13,9,9,1.65,0.33,properdin [Monodon monoceros]
116,1,RefSeq_Narwhal,XP_029082744.1,153,14464,3,3,3,3,1.63,0.38,protein S100-A9-like [Monodon monoceros]
121,1,RefSeq_Narwhal,XP_029098850.1,139,19411,4,4,4,4,1.62,0.41,apolipoprotein M isoform X2 [Monodon monoceros]
100,1,RefSeq_Narwhal,XP_029065334.1,182,15306,4,4,3,3,1.49,0.25,LOW QUALITY PROTEIN: serum amyloid A protein-like [Monodon monoceros]
178,1,RefSeq_Narwhal,XP_029073028.1,66,5050,1,1,1,1,1.45,0.3,thymosin beta-4 [Monodon monoceros]
104,1,RefSeq_Narwhal,XP_029070689.1,174,26378,5,5,5,5,1.43,0.27,adiponectin [Monodon monoceros]
127,1,RefSeq_Narwhal,XP_029070926.1,121,16158,3,3,3,3,1.37,0.35,superoxide dismutase [Cu-Zn] [Monodon monoceros]
82,1,RefSeq_Narwhal,XP_029092234.1,283,50699,10,10,9,9,1.31,0.29,protein Z-dependent protease inhibitor [Monodon monoceros]
151,1,RefSeq_Narwhal,XP_029070470.1,88,24309,5,5,4,4,1.16,0.24,apolipoprotein D [Monodon monoceros]
67,1,RefSeq_Narwhal,XP_029061157.1,433,81471,14,14,12,12,1.13,0.3,fibulin-1 isoform X1 [Monodon monoceros]
53,1,RefSeq_Narwhal,XP_029097698.1,643,100975,21,21,16,16,1.12,0.27,inter-alpha-trypsin inhibitor heavy chain H3 isoform X2 [Monodon monoceros]
99,1,RefSeq_Narwhal,XP_029091752.1,185,51191,8,8,7,7,1.09,0.24,fibrinogen gamma chain isoform X1 [Monodon monoceros]
90,1,RefSeq_Narwhal,XP_029059978.1,211,19239,3,3,3,3,1.08,0.24,lysozyme C [Monodon monoceros]
85,1,RefSeq_Narwhal,XP_029069059.1,245,46378,7,7,7,7,1.04,0.24,pigment epithelium-derived factor isoform X1 [Monodon monoceros]
4,2,RefSeq_Narwhal,XP_029074454.1,614,191829,29,29,28,28,1,0.24,complement C3-like isoform X2 [Monodon monoceros]
202,1,RefSeq_Narwhal,XP_029069855.1,53,13930,2,2,2,2,0.96,0.19,histone H2B type 2-E-like [Monodon monoceros]
110,1,RefSeq_Narwhal,XP_029096025.1,163,50093,7,7,7,7,0.94,0.26,phosphatidylcholine-sterol acyltransferase isoform X1 [Monodon monoceros]
140,1,RefSeq_Narwhal,XP_029072848.1,105,28619,4,4,4,4,0.93,0.19,tropomyosin alpha-4 chain isoform X2 [Monodon monoceros]
102,1,RefSeq_Narwhal,XP_029060673.1,176,36119,5,5,5,5,0.92,0.19,glyceraldehyde-3-phosphate dehydrogenase [Monodon monoceros]
138,1,RefSeq_Narwhal,XP_029072224.1,107,43972,6,6,6,6,0.9,0.13,selenoprotein P isoform X1 [Monodon monoceros]
98,1,RefSeq_Narwhal,XP_029074462.1,191,22145,4,4,3,3,0.88,0.22,peroxiredoxin-2 [Monodon monoceros]
94,1,RefSeq_Narwhal,XP_029093387.1,198,45337,6,6,6,6,0.87,0.25,plasma serine protease inhibitor [Monodon monoceros]
86,1,RefSeq_Narwhal,XP_029095606.1,240,45683,7,7,6,6,0.86,0.19,corticosteroid-binding globulin [Monodon monoceros]
106,1,RefSeq_Narwhal,XP_029081716.1,169,55064,7,7,7,7,0.82,0.21,vitamin K-dependent protein C [Monodon monoceros]
166,1,RefSeq_Narwhal,XP_029090218.1,73,32623,5,5,4,4,0.78,0.13,insulin-like growth factor-binding protein 3 [Monodon monoceros]
75,1,RefSeq_Narwhal,XP_029076667.1,375,92431,11,11,11,11,0.76,0.2,insulin-like growth factor-binding protein complex acid labile subunit [Monodon monoceros]
93,1,RefSeq_Narwhal,XP_029097508.1,199,83343,10,10,10,10,0.76,0.24,coagulation factor XIII A chain [Monodon monoceros]
108,1,RefSeq_Narwhal,XP_029093064.1,165,58476,7,7,7,7,0.76,0.17,pyruvate kinase PKM isoform X1 [Monodon monoceros]
76,1,RefSeq_Narwhal,XP_029086819.1,361,84642,11,11,9,9,0.75,0.17,polymeric immunoglobulin receptor [Monodon monoceros]
146,1,RefSeq_Narwhal,XP_029088328.1,96,42154,5,5,5,5,0.75,0.14,pulmonary surfactant-associated protein B [Monodon monoceros]
96,1,RefSeq_Narwhal,XP_029083180.1,195,77557,11,11,9,9,0.73,0.19,coagulation factor XIII B chain-like [Monodon monoceros]
2,3,RefSeq_Narwhal,XP_029098394.1,124,79991,11,11,9,9,0.7,0.08,lactotransferrin isoform X1 [Monodon monoceros]
65,1,RefSeq_Narwhal,XP_029100746.1,460,117183,13,13,13,13,0.69,0.17,vinculin isoform X1 [Monodon monoceros]
154,1,RefSeq_Narwhal,XP_029074983.1,83,28226,3,3,3,3,0.65,0.23,complement factor D [Monodon monoceros]
123,1,RefSeq_Narwhal,XP_029078762.1,133,28978,3,3,3,3,0.63,0.21,carbonic anhydrase 1 isoform X1 [Monodon monoceros]
131,1,RefSeq_Narwhal,XP_029079084.1,119,29306,3,3,3,3,0.62,0.16,carbonic anhydrase 2 [Monodon monoceros]
115,1,RefSeq_Narwhal,XP_029065711.1,155,70666,7,7,7,7,0.6,0.15,plastin-2 [Monodon monoceros]
192,1,RefSeq_Narwhal,XP_029086432.1,56,20114,2,2,2,2,0.59,0.18,protein/nucleic acid deglycase DJ-1 [Monodon monoceros]
95,1,RefSeq_Narwhal,XP_029091683.1,195,72608,8,8,7,7,0.58,0.16,hepatocyte growth factor activator isoform X2 [Monodon monoceros]
171,1,RefSeq_Narwhal,XP_029062117.1,69,31093,3,3,3,3,0.58,0.15,triosephosphate isomerase [Monodon monoceros]
109,1,RefSeq_Narwhal,XP_029085353.1,164,10184,2,2,1,1,0.57,0.19,protein S100-A6 [Monodon monoceros]
103,1,RefSeq_Narwhal,XP_029066247.1,175,54324,5,5,5,5,0.55,0.14,coagulation factor X isoform X1 [Monodon monoceros]
161,1,RefSeq_Narwhal,XP_029098637.1,79,21385,2,2,2,2,0.55,0.13,histone H1.2 [Monodon monoceros]
233,1,RefSeq_Narwhal,XP_029066498.1,40,10912,1,1,1,1,0.53,0.08,C-C motif chemokine 14-like [Monodon monoceros]
135,1,RefSeq_Narwhal,XP_029085583.1,108,22549,2,2,2,2,0.52,0.13,transgelin-2 [Monodon monoceros]
111,1,RefSeq_Narwhal,XP_029087833.1,161,57254,5,5,5,5,0.51,0.19,EGF-containing fibulin-like extracellular matrix protein 1 isoform X1 [Monodon monoceros]
193,1,RefSeq_Narwhal,XP_029061127.1,56,22681,2,2,2,2,0.51,0.18,rho GDP-dissociation inhibitor 2 [Monodon monoceros]
79,1,RefSeq_Narwhal,XP_029070288.1,317,83235,9,9,7,7,0.49,0.14,mannan-binding lectin serine protease 1 isoform X1 [Monodon monoceros]
87,1,RefSeq_Narwhal,XP_029087702.1,228,59089,7,7,5,5,0.49,0.14,prenylcysteine oxidase 1 isoform X1 [Monodon monoceros]
101,1,RefSeq_Narwhal,XP_029085258.1,182,47613,4,4,4,4,0.49,0.14,alpha-enolase [Monodon monoceros]
199,1,RefSeq_Narwhal,XP_029078261.1,54,35652,3,3,3,3,0.49,0.16,gamma-glutamyl hydrolase [Monodon monoceros]
203,1,RefSeq_Narwhal,XP_029064693.1,53,23724,2,2,2,2,0.48,0.15,glutathione S-transferase P [Monodon monoceros]
227,1,RefSeq_Narwhal,XP_029091314.1,43,11818,1,1,1,1,0.48,0.1,platelet factor 4-like isoform X1 [Monodon monoceros]
177,1,RefSeq_Narwhal,XP_029059244.1,66,12133,1,1,1,1,0.47,0.12,thioredoxin [Monodon monoceros]
113,1,RefSeq_Narwhal,XP_029070349.1,158,87033,7,7,7,7,0.46,0.11,transferrin receptor protein 1 isoform X1 [Monodon monoceros]
144,1,RefSeq_Narwhal,XP_029100736.1,97,63733,5,5,5,5,0.45,0.13,hyaluronan-binding protein 2 [Monodon monoceros]
130,1,RefSeq_Narwhal,XP_029083746.1,119,38775,3,3,3,3,0.44,0.12,cathepsin S isoform X1 [Monodon monoceros]
266,1,RefSeq_Narwhal,XP_029089370.1,28,13058,1,1,1,1,0.43,0.14,myotrophin [Monodon monoceros]
133,1,RefSeq_Narwhal,XP_029100445.1,112,54372,4,4,4,4,0.42,0.11,carboxypeptidase N catalytic chain isoform X1 [Monodon monoceros]
206,1,RefSeq_Narwhal,XP_029059289.1,46,26762,2,2,2,2,0.42,0.13,"folate receptor alpha-like, partial [Monodon monoceros]"
182,1,RefSeq_Narwhal,XP_029070831.1,63,13655,1,1,1,1,0.41,0.1,beta-2-microglobulin [Monodon monoceros]
122,1,RefSeq_Narwhal,XP_029078496.1,137,27899,2,2,2,2,0.4,0.13,14-3-3 protein zeta/delta [Monodon monoceros]
214,1,RefSeq_Narwhal,XP_029091312.1,48,14094,1,1,1,1,0.39,0.13,platelet basic protein isoform X1 [Monodon monoceros]
169,1,RefSeq_Narwhal,XP_029065335.1,70,14603,1,1,1,1,0.37,0.08,serum amyloid A-2 protein-like [Monodon monoceros]
274,1,RefSeq_Narwhal,XP_029090445.1,23,15058,1,1,1,1,0.36,0.09,alpha-synuclein isoform X1 [Monodon monoceros]
232,1,RefSeq_Narwhal,XP_029067925.1,41,15376,1,1,1,1,0.35,0.06,histone H3.3 [Monodon monoceros]
245,1,RefSeq_Narwhal,XP_029077520.1,35,15742,1,1,1,1,0.34,0.08,"antileukoproteinase-like, partial [Monodon monoceros]"
222,1,RefSeq_Narwhal,XP_029075184.1,45,16354,1,1,1,1,0.33,0.06,cystatin-C-like [Monodon monoceros]
143,1,RefSeq_Narwhal,XP_029098860.1,98,68584,4,4,4,4,0.32,0.12,transketolase [Monodon monoceros]
184,1,RefSeq_Narwhal,XP_029064399.1,62,16827,1,1,1,1,0.32,0.09,calmodulin-3 isoform X2 [Monodon monoceros]
139,1,RefSeq_Narwhal,XP_029081115.1,106,35331,2,2,2,2,0.31,0.07,insulin-like growth factor-binding protein 2 [Monodon monoceros]
168,1,RefSeq_Narwhal,XP_029061878.1,71,34552,2,2,2,2,0.31,0.08,LOW QUALITY PROTEIN: apolipoprotein F [Monodon monoceros]
226,1,RefSeq_Narwhal,XP_029057553.1,43,34431,2,2,2,2,0.31,0.06,mimecan [Monodon monoceros]
230,1,RefSeq_Narwhal,XP_029068532.1,42,17049,1,1,1,1,0.31,0.08,eukaryotic translation initiation factor 5A-1 [Monodon monoceros]
10,3,RefSeq_Narwhal,XP_029082184.1,63,72834,4,4,4,4,0.3,0.09,coagulation factor XI isoform X1 [Monodon monoceros]
125,1,RefSeq_Narwhal,XP_029074398.1,124,74746,4,4,4,4,0.29,0.11,transforming growth factor-beta-induced protein ig-h3 isoform X1 [Monodon monoceros]
148,1,RefSeq_Narwhal,XP_029061159.1,93,36890,2,2,2,2,0.29,0.08,L-lactate dehydrogenase B chain [Monodon monoceros]
221,1,RefSeq_Narwhal,XP_029092112.1,46,18637,1,1,1,1,0.29,0.06,non-secretory ribonuclease [Monodon monoceros]
201,1,RefSeq_Narwhal,XP_029070098.1,53,38089,2,2,2,2,0.28,0.06,T-lymphocyte activation antigen CD86 isoform X1 [Monodon monoceros]
124,1,RefSeq_Narwhal,XP_029069454.1,129,59564,3,3,3,3,0.27,0.08,biotinidase [Monodon monoceros]
136,1,RefSeq_Narwhal,XP_029077124.1,108,58859,3,3,3,3,0.27,0.12,lipopolysaccharide-binding protein isoform X1 [Monodon monoceros]
212,1,RefSeq_Narwhal,XP_029097311.1,48,19707,1,1,1,1,0.27,0.05,tafazzin [Monodon monoceros]
238,1,RefSeq_Narwhal,XP_029071163.1,40,79542,4,4,4,4,0.27,0.05,interleukin-1 receptor accessory protein [Monodon monoceros]
162,1,RefSeq_Narwhal,XP_029091733.1,79,21354,1,1,1,1,0.25,0.1,fibrinogen alpha chain-like [Monodon monoceros]
196,1,RefSeq_Narwhal,XP_029059330.1,55,21324,1,1,1,1,0.25,0.05,beta-lactoglobulin-2-like [Monodon monoceros]
129,1,RefSeq_Narwhal,XP_029084770.1,120,110309,5,5,5,5,0.24,0.07,proteoglycan 4 isoform X1 [Monodon monoceros]
185,1,RefSeq_Narwhal,XP_029085612.1,62,21846,1,1,1,1,0.24,0.06,apolipoprotein R-like isoform X1 [Monodon monoceros]
219,1,RefSeq_Narwhal,XP_029067399.1,47,21893,1,1,1,1,0.24,0.1,"beta-lactoglobulin-1A/1C-like, partial [Monodon monoceros]"
142,1,RefSeq_Narwhal,XP_029096936.1,101,44932,2,2,2,2,0.23,0.06,phosphoglycerate kinase 1 [Monodon monoceros]
147,1,RefSeq_Narwhal,XP_029061188.1,95,114237,5,5,5,5,0.23,0.09,contactin-1 isoform X1 [Monodon monoceros]
148,2,RefSeq_Narwhal,XP_029063018.1,67,46263,2,2,2,2,0.23,0.06,L-lactate dehydrogenase A chain [Monodon monoceros]
153,1,RefSeq_Narwhal,XP_029096561.1,84,45642,2,2,2,2,0.23,0.04,lysosome-associated membrane glycoprotein 2 isoform X1 [Monodon monoceros]
176,1,RefSeq_Narwhal,XP_029100278.1,66,22980,1,1,1,1,0.23,0.07,glutathione peroxidase 1 [Monodon monoceros]
205,1,RefSeq_Narwhal,XP_029057545.1,52,45567,2,2,2,2,0.23,0.07,Golgi membrane protein 1 isoform X1 [Monodon monoceros]
216,1,RefSeq_Narwhal,XP_029084026.1,48,22334,1,1,1,1,0.23,0.06,rho-related GTP-binding protein RhoC [Monodon monoceros]
213,1,RefSeq_Narwhal,XP_029062696.1,48,47596,2,2,2,2,0.22,0.09,"beta-1,4-glucuronyltransferase 1 [Monodon monoceros]"
236,1,RefSeq_Narwhal,XP_029060339.1,40,23472,1,1,1,1,0.22,0.05,ADP-ribosylation factor 3 isoform X1 [Monodon monoceros]
258,1,RefSeq_Narwhal,XP_029098764.1,31,50648,2,2,1,1,0.21,0.06,hyaluronidase-1 [Monodon monoceros]
132,1,RefSeq_Narwhal,XP_029083715.1,113,51755,2,2,2,2,0.2,0.06,adenylyl cyclase-associated protein 1 isoform X1 [Monodon monoceros]
210,1,RefSeq_Narwhal,XP_029090297.1,50,25996,1,1,1,1,0.2,0.08,proteasome subunit alpha type-2 [Monodon monoceros]
248,1,RefSeq_Narwhal,XP_029061472.1,35,25971,1,1,1,1,0.2,0.06,insulin-like growth factor-binding protein 6 [Monodon monoceros]
128,1,RefSeq_Narwhal,XP_029074737.1,121,108269,4,4,3,3,0.19,0.07,thrombospondin-4 [Monodon monoceros]
149,1,RefSeq_Narwhal,XP_029093841.1,92,133738,5,5,5,5,0.19,0.06,thrombospondin-1 isoform X1 [Monodon monoceros]
159,1,RefSeq_Narwhal,XP_029075582.1,80,55122,2,2,2,2,0.19,0.05,phospholipid transfer protein isoform X1 [Monodon monoceros]
117,1,RefSeq_Narwhal,XP_029067539.1,151,87709,4,4,3,3,0.18,0.04,cadherin-5 [Monodon monoceros]
160,1,RefSeq_Narwhal,XP_029072634.1,79,27943,1,1,1,1,0.18,0.06,proteasome subunit alpha-type 8 [Monodon monoceros]
180,1,RefSeq_Narwhal,XP_029076639.1,64,28211,1,1,1,1,0.18,0.05,BPI fold-containing family A member 1 [Monodon monoceros]
217,1,RefSeq_Narwhal,XP_029056917.1,47,28900,1,1,1,1,0.18,0.11,phosphoglycerate mutase 1 [Monodon monoceros]
229,1,RefSeq_Narwhal,XP_029065975.1,42,58434,2,2,2,2,0.18,0.06,nectin-2 isoform X1 [Monodon monoceros]
157,1,RefSeq_Narwhal,XP_029100963.1,81,59707,2,2,2,2,0.17,0.06,prosaposin isoform X2 [Monodon monoceros]
198,1,RefSeq_Narwhal,XP_029084110.1,54,29228,1,1,1,1,0.17,0.05,tropomyosin alpha-3 chain isoform X1 [Monodon monoceros]
246,1,RefSeq_Narwhal,XP_029062227.1,35,29556,1,1,1,1,0.17,0.03,spindle and kinetochore-associated protein 1 [Monodon monoceros]
181,1,RefSeq_Narwhal,XP_029082795.1,64,30869,1,1,1,1,0.16,0.06,lymphocyte function-associated antigen 3 [Monodon monoceros]
261,1,RefSeq_Narwhal,XP_029084175.1,30,32282,1,1,1,1,0.16,0.03,protein-S-isoprenylcysteine O-methyltransferase [Monodon monoceros]
270,1,RefSeq_Narwhal,XP_029087268.1,24,31411,1,1,1,1,0.16,0.06,protein CREG2 isoform X1 [Monodon monoceros]
241,1,RefSeq_Narwhal,XP_029074982.1,37,33276,1,1,1,1,0.15,0.03,neutrophil elastase [Monodon monoceros]
259,1,RefSeq_Narwhal,XP_029099880.1,31,33766,1,1,1,1,0.15,0.03,LOW QUALITY PROTEIN: very-long-chain 3-oxoacyl-CoA reductase-B-like [Monodon monoceros]
134,1,RefSeq_Narwhal,XP_029059146.1,110,72449,2,2,2,2,0.14,0.04,endoplasmic reticulum chaperone BiP [Monodon monoceros]
225,1,RefSeq_Narwhal,XP_029075129.1,43,73040,2,2,2,2,0.14,0.07,vasorin [Monodon monoceros]
81,1,RefSeq_Narwhal,XP_029060196.1,287,320677,8,8,8,8,0.13,0.05,von Willebrand factor isoform X1 [Monodon monoceros]
114,1,RefSeq_Narwhal,XP_029058383.1,158,273428,7,7,7,7,0.13,0.04,talin-1 isoform X1 [Monodon monoceros]
118,1,RefSeq_Narwhal,XP_029100658.1,150,75283,2,2,2,2,0.13,0.05,deleted in malignant brain tumors 1 protein [Monodon monoceros]
174,1,RefSeq_Narwhal,XP_029084070.1,67,77505,2,2,2,2,0.13,0.05,mannan-binding lectin serine protease 2 isoform X1 [Monodon monoceros]
175,1,RefSeq_Narwhal,XP_029097575.1,67,37812,1,1,1,1,0.13,0.05,ly6/PLAUR domain-containing protein 3 [Monodon monoceros]
197,1,RefSeq_Narwhal,XP_029077588.1,55,39948,1,1,1,1,0.13,0.06,fructose-bisphosphate aldolase A [Monodon monoceros]
220,1,RefSeq_Narwhal,XP_029074371.1,46,39599,1,1,1,1,0.13,0.02,UV excision repair protein RAD23 homolog A isoform X1 [Monodon monoceros]
167,1,RefSeq_Narwhal,XP_029074814.1,72,84830,2,2,2,2,0.12,0.04,cartilage oligomeric matrix protein [Monodon monoceros]
235,1,RefSeq_Narwhal,XP_029099597.1,40,40610,1,1,1,1,0.12,0.04,vasodilator-stimulated phosphoprotein isoform X1 [Monodon monoceros]
267,1,RefSeq_Narwhal,XP_029063744.1,28,42325,1,1,1,1,0.12,0.03,pepsin A-5 [Monodon monoceros]
239,1,RefSeq_Narwhal,XP_029066122.1,39,44759,1,1,1,1,0.11,0.04,lysosome-associated membrane glycoprotein 1 isoform X1 [Monodon monoceros]
240,1,RefSeq_Narwhal,XP_029083640.1,38,45736,1,1,1,1,0.11,0.03,serpin B10 isoform X1 [Monodon monoceros]
183,1,RefSeq_Narwhal,XP_029060313.1,63,50804,1,1,1,1,0.1,0.03,tubulin alpha-1B chain isoform X3 [Monodon monoceros]
194,1,RefSeq_Narwhal,XP_029066423.1,56,50801,1,1,1,1,0.1,0.03,coagulation factor VII [Monodon monoceros]
211,1,RefSeq_Narwhal,XP_029059353.1,49,50255,1,1,1,1,0.1,0.02,tubulin beta-4B chain [Monodon monoceros]
252,1,RefSeq_Narwhal,XP_029077811.1,33,47402,1,1,1,1,0.1,0.02,neuronal pentraxin-2 [Monodon monoceros]
269,1,RefSeq_Narwhal,XP_029066317.1,25,50592,1,1,1,1,0.1,0.02,endothelin receptor type B [Monodon monoceros]
271,1,RefSeq_Narwhal,XP_029092146.1,24,48580,1,1,1,1,0.1,0.04,chromogranin-A isoform X1 [Monodon monoceros]
107,1,RefSeq_Narwhal,XP_029076453.1,168,162620,3,3,3,3,0.09,0.03,attractin isoform X1 [Monodon monoceros]
155,1,RefSeq_Narwhal,XP_029072425.1,82,108004,3,3,2,2,0.09,0.03,macrophage colony-stimulating factor 1 receptor [Monodon monoceros]
172,1,RefSeq_Narwhal,XP_029087915.1,69,111566,2,2,2,2,0.09,0.04,tyrosine-protein kinase Mer isoform X1 [Monodon monoceros]
249,1,RefSeq_Narwhal,XP_029078093.1,34,54749,1,1,1,1,0.09,0.01,membrane-associated tyrosine- and threonine-specific cdc2-inhibitory kinase [Monodon monoceros]
251,1,RefSeq_Narwhal,XP_029099276.1,34,55787,1,1,1,1,0.09,0.02,xaa-Pro dipeptidase [Monodon monoceros]
265,1,RefSeq_Narwhal,XP_029085680.1,28,55646,1,1,1,1,0.09,0.02,N-fatty-acyl-amino acid synthase/hydrolase PM20D1 [Monodon monoceros]
272,1,RefSeq_Narwhal,XP_029063884.1,24,52900,1,1,1,1,0.09,0.02,dipeptidyl peptidase 1 isoform X1 [Monodon monoceros]
158,1,RefSeq_Narwhal,XP_029080081.1,80,58076,1,1,1,1,0.08,0.03,pantetheinase isoform X1 [Monodon monoceros]
164,1,RefSeq_Narwhal,XP_029071321.1,76,60593,1,1,1,1,0.08,0.05,carboxypeptidase N subunit 2 [Monodon monoceros]
170,1,RefSeq_Narwhal,XP_029098311.1,70,63080,1,1,1,1,0.08,0.03,glucose-6-phosphate isomerase [Monodon monoceros]
190,1,RefSeq_Narwhal,XP_029064975.1,57,62513,1,1,1,1,0.08,0.03,4F2 cell-surface antigen heavy chain [Monodon monoceros]
204,1,RefSeq_Narwhal,XP_029085105.1,52,61763,1,1,1,1,0.08,0.03,complement decay-accelerating factor isoform X1 [Monodon monoceros]
208,1,RefSeq_Narwhal,XP_029060223.1,51,59539,1,1,1,1,0.08,0.03,bridging integrator 2 isoform X1 [Monodon monoceros]
223,1,RefSeq_Narwhal,XP_029066990.1,45,63486,1,1,1,1,0.08,0.02,platelet glycoprotein Ib alpha chain [Monodon monoceros]
253,1,RefSeq_Narwhal,XP_029074600.1,33,59510,1,1,1,1,0.08,0.03,intercellular adhesion molecule 1 [Monodon monoceros]
264,1,RefSeq_Narwhal,XP_029074612.1,28,62410,1,1,1,1,0.08,0.03,N-acetylmuramoyl-L-alanine amidase [Monodon monoceros]
8,2,RefSeq_Narwhal,XP_029064407.1,169,132387,3,3,2,2,0.07,0.01,hephaestin-like protein 1 isoform X1 [Monodon monoceros]
156,1,RefSeq_Narwhal,XP_029084194.1,82,197356,3,3,3,3,0.07,0.02,coagulation factor V isoform X3 [Monodon monoceros]
191,1,RefSeq_Narwhal,XP_029090286.1,56,136725,2,2,2,2,0.07,0.02,epidermal growth factor receptor isoform X1 [Monodon monoceros]
224,1,RefSeq_Narwhal,XP_029069584.1,43,70773,1,1,1,1,0.07,0.02,LOW QUALITY PROTEIN: protein phosphatase 2C-like domain-containing protein 1 [Monodon monoceros]
231,1,RefSeq_Narwhal,XP_029062805.1,41,69120,1,1,1,1,0.07,0.02,autophagy-related protein 16-2 isoform X1 [Monodon monoceros]
234,1,RefSeq_Narwhal,XP_029063810.1,40,71424,1,1,1,1,0.07,0.02,heat shock cognate 71 kDa protein [Monodon monoceros]
250,1,RefSeq_Narwhal,XP_029096146.1,34,67931,1,1,1,1,0.07,0.02,moesin [Monodon monoceros]
256,1,RefSeq_Narwhal,XP_029069027.1,32,67883,1,1,1,1,0.07,0.03,progranulin isoform X1 [Monodon monoceros]
268,1,RefSeq_Narwhal,XP_029056919.1,26,69228,1,1,1,1,0.07,0.01,ectonucleoside triphosphate diphosphohydrolase 7 isoform X1 [Monodon monoceros]
150,1,RefSeq_Narwhal,XP_029065812.1,91,87709,1,1,1,1,0.06,0.02,periostin isoform X1 [Monodon monoceros]
165,1,RefSeq_Narwhal,XP_029058657.1,73,227291,3,3,3,3,0.06,0.02,tenascin isoform X1 [Monodon monoceros]
186,1,RefSeq_Narwhal,XP_029061943.1,59,88099,1,1,1,1,0.06,0.01,chondroadherin-like protein isoform X1 [Monodon monoceros]
188,1,RefSeq_Narwhal,XP_029088877.1,58,83653,1,1,1,1,0.06,0.02,voltage-dependent calcium channel subunit alpha-2/delta-1 [Monodon monoceros]
195,1,RefSeq_Narwhal,XP_029081236.1,55,88356,1,1,1,1,0.06,0.02,prolyl endopeptidase FAP [Monodon monoceros]
228,1,RefSeq_Narwhal,XP_029064259.1,43,76115,1,1,1,1,0.06,0.02,fermitin family homolog 3 [Monodon monoceros]
262,1,RefSeq_Narwhal,XP_029089398.1,29,88312,1,1,1,1,0.06,0.02,caldesmon isoform X1 [Monodon monoceros]
179,1,RefSeq_Narwhal,XP_029096182.1,64,283187,3,3,3,3,0.05,0.02,filamin-A isoform X1 [Monodon monoceros]
207,1,RefSeq_Narwhal,XP_029072371.1,52,181553,2,2,1,1,0.05,0.01,ras GTPase-activating-like protein IQGAP2 isoform X1 [Monodon monoceros]
242,1,RefSeq_Narwhal,XP_029094626.1,36,103566,1,1,1,1,0.05,0.01,alpha-actinin-1 isoform X1 [Monodon monoceros]
244,1,RefSeq_Narwhal,XP_029072079.1,36,101606,1,1,1,1,0.05,0.01,bifunctional heparan sulfate N-deacetylase/N-sulfotransferase 1 [Monodon monoceros]
255,1,RefSeq_Narwhal,XP_029092730.1,32,104254,1,1,1,1,0.05,0.02,neuropilin-1 isoform X1 [Monodon monoceros]
273,1,RefSeq_Narwhal,XP_029091251.1,24,96721,1,1,1,1,0.05,0.02,follistatin-related protein 5 isoform X1 [Monodon monoceros]
209,1,RefSeq_Narwhal,XP_029094374.1,51,132908,1,1,1,1,0.04,0.01,protogenin [Monodon monoceros]
247,1,RefSeq_Narwhal,XP_029070160.1,35,111895,1,1,1,1,0.04,0.01,ephrin type-A receptor 3 isoform X1 [Monodon monoceros]
257,1,RefSeq_Narwhal,XP_029073059.1,32,113754,1,1,1,1,0.04,0.01,lysosomal alpha-mannosidase [Monodon monoceros]
173,1,RefSeq_Narwhal,XP_029087049.1,68,167484,1,1,1,1,0.03,0.01,complement receptor type 2 isoform X1 [Monodon monoceros]
215,1,RefSeq_Narwhal,XP_029058155.1,48,176848,1,1,1,1,0.03,0.01,coiled-coil domain-containing protein 180 isoform X1 [Monodon monoceros]
218,1,RefSeq_Narwhal,XP_029076538.1,47,140938,1,1,1,1,0.03,0.01,caspase recruitment domain-containing protein 11 isoform X1 [Monodon monoceros]
243,1,RefSeq_Narwhal,XP_029096617.1,36,191796,1,1,1,1,0.03,0.01,BCL-6 corepressor-like protein 1 isoform X1 [Monodon monoceros]
200,1,RefSeq_Narwhal,XP_029088828.1,53,209620,1,1,1,1,0.02,0.01,laminin subunit beta-1 isoform X1 [Monodon monoceros]
237,1,RefSeq_Narwhal,XP_029094619.1,40,307130,1,1,1,1,0.02,0,A-kinase anchor protein 13 isoform X1 [Monodon monoceros]
260,1,RefSeq_Narwhal,XP_029059455.1,31,550149,1,1,1,1,0.01,0,LOW QUALITY PROTEIN: hemicentin-2 [Monodon monoceros]
263,1,RefSeq_Narwhal,XP_029067654.1,29,515906,1,1,1,1,0.01,0,"dynein heavy chain 9, axonemal [Monodon monoceros]"